{
  "eye": {
    "orientation": [
      -0.11471876502037048,
      0.2413894385099411,
      0.07666748762130737,
      0.9605690240859985
    ],
    "magnitude": 0.5773502588272095,
    "position": [
      133.87301635742188,
      77.24114990234375,
      257.1221618652344
    ]
  },
  "radius": 150,
  "type": "PERSPECTIVE"
}